{
  "timestamp": "2025-07-16T01:52:29.144628",
  "test_duration": "7.45秒",
  "total_tests": 10,
  "passed_tests": 1,
  "overall_success_rate": 10.0,
  "overall_accuracy": 58.33333333333333,
  "overall_completion_rate": 70.0,
  "overall_display_rate": 61.42857142857143,
  "system_grade": "C (需改进)",
  "categories": {
    "Authentication": {
      "total": 3,
      "passed": 1,
      "accuracy_sum": 100.0,
      "completion_sum": 100.0,
      "display_sum": 100.0,
      "success_rate": 33.33333333333333,
      "avg_accuracy": 33.333333333333336,
      "avg_completion": 33.333333333333336,
      "avg_display": 33.333333333333336
    },
    "Frontend": {
      "total": 6,
      "passed": 0,
      "accuracy_sum": 433.3333333333333,
      "completion_sum": 500.0,
      "display_sum": 414.2857142857143,
      "success_rate": 0.0,
      "avg_accuracy": 72.22222222222221,
      "avg_completion": 83.33333333333333,
      "avg_display": 69.04761904761905
    },
    "Numerical": {
      "total": 1,
      "passed": 0,
      "accuracy_sum": 50.0,
      "completion_sum": 100.0,
      "display_sum": 100.0,
      "success_rate": 0.0,
      "avg_accuracy": 50.0,
      "avg_completion": 100.0,
      "avg_display": 100.0
    }
  },
  "target_achieved": false
}